STATE,ST_CASE,VE_TOTAL,VE_FORMS,PVH_INVL,PEDS,PERNOTMVIT,PERMVIT,PERSONS,COUNTY,CITY,DAY,MONTH,YEAR,DAY_WEEK,HOUR,MINUTE,NHS,RUR_URB,FUNC_SYS,RD_OWNER,ROUTE,TWAY_ID,TWAY_ID2,MILEPT,LATITUDE,LONGITUD,SP_JUR,HARM_EV,MAN_COLL,RELJCT1,RELJCT2,TYP_INT,WRK_ZONE,REL_ROAD,LGT_COND,WEATHER1,WEATHER2,WEATHER,SCH_BUS,RAIL,NOT_HOUR,NOT_MIN,ARR_HOUR,ARR_MIN,HOSP_HR,HOSP_MN,CF1,CF2,CF3,FATALS,DRUNK_DR
1,10736,2,2,0,0,0,2,2,95,0,30,10,2016,1,19,25,0,2,5,2,4,CR-HUSTLEVILLE RD,MARTLING RD,0,34.31157500,-86.167661110000,0,12,6,0,2,2,0,1,2,10,0,10,0,0000000,99,99,19,35,99,99,0,0,0,1,0
1,10737,2,2,0,0,0,7,7,17,0,30,10,2016,1,21,2,0,1,7,2,4,CR-62,,0,32.95284444,-85.475202780000,0,5,0,0,1,1,0,1,2,1,0,1,0,0000000,21,34,21,45,22,20,14,0,0,1,0
1,10738,1,1,0,0,0,1,1,89,0,30,10,2016,1,22,10,1,2,3,1,3,SR-2,,1061,34.75770833,-86.472816670000,0,1,0,0,1,1,0,1,3,1,0,1,0,0000000,99,99,10,32,88,88,0,0,0,1,0
1,10739,3,3,0,0,0,4,4,69,930,31,10,2016,2,7,19,1,2,3,1,3,SR-210,WESLEY WAY,0,31.22109167,-85.432130560000,0,12,1,0,3,3,0,1,1,1,0,1,0,0000000,7,20,7,25,7,43,0,0,0,1,0
1,10740,1,1,0,2,2,1,1,89,1730,31,10,2016,2,19,56,0,2,4,4,6,SPARKMAN DR,RUTLEDGE DR,0,34.74909167,-86.645625000000,0,8,0,0,3,3,0,1,3,1,0,1,0,0000000,99,99,20,0,99,99,0,0,0,1,0
1,10741,1,1,0,0,0,2,2,9,0,1,11,2016,3,16,45,0,1,7,4,6,OLLIE MORTON RD,,0,33.92628056,-86.404752780000,0,42,0,0,1,1,0,4,1,1,0,1,0,0000000,17,4,17,21,18,3,0,0,0,1,0
1,10742,1,1,0,0,0,1,1,89,0,2,11,2016,4,5,10,0,1,5,2,4,CR-DARWIN RD,RIVERTON RD,0,34.85642222,-86.500019440000,0,34,0,0,3,3,0,4,2,1,0,1,0,0000000,5,12,5,22,88,88,0,0,0,1,0
1,10743,1,1,0,1,1,1,1,73,350,2,11,2016,4,7,57,1,2,3,4,6,BESSEMER RD,,0,33.48887222,-86.887113890000,0,8,0,0,1,1,0,1,1,1,0,1,0,0000000,8,14,8,21,88,88,0,0,0,1,0
1,10744,1,1,0,0,0,1,1,89,0,2,11,2016,4,13,10,0,1,7,2,4,CR-KEEL MOUNTAIN RD,,0,34.68561389,-86.372983330000,0,35,0,0,1,1,0,4,1,1,0,1,0,0000000,13,1,13,20,88,88,0,0,0,1,0
1,10745,2,2,0,0,0,3,3,57,320,2,11,2016,4,13,28,1,1,3,1,3,SR-13,CR-30,2310,33.69320556,-87.645377780000,0,12,6,0,2,2,0,1,1,1,0,1,0,0000000,13,56,13,58,14,38,0,0,0,1,0
1,10746,1,1,0,1,1,1,1,95,1500,3,11,2016,5,6,0,1,2,3,1,2,US-SR 1,,3018,34.42275833,-86.263266670000,0,8,0,0,1,1,0,1,2,1,0,1,0,0000000,6,3,6,3,88,88,0,0,0,1,0
1,10747,1,1,0,2,2,2,2,15,0,3,11,2016,5,18,45,1,2,3,1,3,SR-21,DOGWOOD CIR,2640,33.77355556,-85.765650000000,0,8,0,0,3,2,0,1,2,1,0,1,0,0000000,18,50,18,53,19,42,0,0,0,1,0
1,10748,1,1,0,1,1,1,1,33,3060,4,11,2016,6,19,24,1,2,3,1,3,SR-2,,230,34.71238611,-87.718111110000,0,8,0,0,1,1,0,1,2,10,0,10,0,0000000,99,99,19,27,99,99,0,0,0,1,0
1,10749,2,2,0,0,0,3,3,83,9997,4,11,2016,6,12,40,1,1,3,1,3,SR-20,,0,34.62880000,-86.943691670000,0,12,1,0,1,1,0,1,1,1,0,1,0,0000000,99,99,12,48,99,99,0,0,0,2,0
1,10750,1,1,0,1,1,1,1,97,0,4,11,2016,6,7,50,1,1,3,1,2,US-SR 13,,250,31.08006389,-88.021544440000,0,8,0,0,1,1,0,2,1,1,0,1,0,0000000,99,99,99,99,88,88,0,0,0,1,0
1,10751,2,2,0,0,0,3,3,83,0,4,11,2016,6,9,11,0,2,5,2,4,CR-HARVEST RD,JOHNSON RD,0,34.86087222,-86.839952780000,0,12,6,0,2,2,0,1,1,1,0,1,0,0000000,9,34,9,49,10,22,0,0,0,1,0
1,10752,1,1,0,0,0,1,1,21,0,5,11,2016,7,20,0,0,1,4,1,3,SR-155,,9,32.99394167,-86.770811110000,0,42,0,0,1,1,0,4,2,1,0,1,0,0000000,99,99,20,40,88,88,0,0,0,1,1
1,10753,2,2,0,0,0,3,3,53,0,5,11,2016,7,9,50,0,1,5,2,4,CR-4,CR-51,0,31.02727222,-86.704991670000,0,12,6,0,2,2,0,1,1,1,0,1,0,0000000,9,56,10,21,99,99,0,0,0,1,0
1,10754,1,1,0,0,0,2,2,121,0,6,11,2016,1,5,25,0,2,5,1,3,SR-235,,24,33.31318333,-86.357955560000,0,42,0,0,1,1,0,4,2,1,0,1,0,0000000,5,45,5,57,6,23,0,0,0,1,0
1,10755,2,2,0,0,0,2,2,25,1480,6,11,2016,1,5,19,1,1,3,1,2,US-SR 12,,460,31.68246111,-87.753391670000,0,12,2,0,1,1,0,1,2,1,0,1,0,0000000,99,99,99,99,99,99,0,0,0,1,0
1,10756,1,1,0,0,0,2,2,89,0,6,11,2016,1,1,0,0,2,5,2,4,CR-MOORES MILL RD,,0,34.82745000,-86.524088890000,0,32,0,0,1,1,0,4,2,1,0,1,0,0000000,99,99,1,15,99,99,0,0,0,1,1
1,10757,2,2,0,0,0,3,3,125,0,7,11,2016,2,17,14,1,2,3,1,2,US-SR 6,FORESTDALE DR,553,33.14374444,-87.517322220000,0,12,6,0,2,3,0,1,2,10,0,10,0,0000000,17,19,17,24,99,99,20,0,0,1,0
1,10758,1,1,0,0,0,1,1,79,0,7,11,2016,2,1,25,0,1,4,1,3,SR-36,,80,34.41684167,-87.159308330000,0,32,0,0,1,1,0,4,2,1,0,1,0,0000000,99,99,1,49,88,88,20,0,0,1,0
1,10759,1,1,0,0,0,1,1,95,0,8,11,2016,3,0,45,0,2,7,2,4,CR-OLD ONEONTA RD,,0,34.22211389,-86.289138890000,0,38,0,0,1,1,0,4,2,1,0,1,0,0000000,0,44,0,51,88,88,0,0,0,1,1
1,10760,2,2,0,0,0,3,3,71,0,10,11,2016,5,13,35,0,1,5,1,3,SR-71,CR-88,112,34.66947778,-85.823769440000,0,12,6,0,2,2,0,1,1,1,0,1,0,0000000,13,23,13,25,14,4,0,0,0,1,0
1,10761,1,1,0,0,0,1,1,41,0,10,11,2016,5,20,15,0,1,5,1,3,SR-106,AIKEN RD,294,31.62626111,-86.458122220000,0,35,0,0,3,3,0,4,2,1,0,1,0,0000000,99,99,20,28,88,88,0,0,0,1,0
1,10762,6,6,0,0,0,7,7,89,1730,10,11,2016,5,7,26,1,2,2,1,2,US-SR 1,,3345,34.72988611,-86.596413890000,0,12,1,1,18,1,0,1,1,1,0,1,0,0000000,99,99,7,31,99,99,26,0,0,1,0
1,10763,1,1,0,0,0,1,1,43,0,11,11,2016,6,15,26,0,1,5,2,4,CR-8,,0,33.94692778,-86.941416670000,0,53,0,0,1,1,0,4,1,10,0,10,0,0000000,15,11,15,23,88,88,0,0,0,1,0
1,10764,2,2,0,0,0,2,2,73,350,11,11,2016,6,5,27,0,2,3,4,6,1ST AVE N,OPORTO MADRID BLVD,0,33.56143056,-86.728897220000,0,12,6,0,2,2,0,1,3,1,0,1,0,0000000,5,29,5,32,6,4,0,0,0,1,1
1,10765,1,1,0,0,0,1,1,113,0,11,11,2016,6,7,13,0,1,4,1,3,SR-169,,30,32.36621944,-85.185622220000,0,42,0,0,1,1,0,4,1,1,0,1,0,0000000,99,99,8,28,88,88,0,0,0,1,1
1,10766,1,1,0,1,1,1,1,125,3050,12,11,2016,7,0,13,0,2,4,4,6,RICE MINE RD N,,0,33.22455833,-87.547913890000,0,8,0,0,1,1,0,1,2,1,0,1,0,0000000,99,99,0,21,88,88,0,0,0,1,0
1,10767,1,1,0,0,0,1,1,55,190,13,11,2016,1,5,18,0,1,7,2,4,CR-MILLER HOLLOW RD,,0,34.01010556,-86.140708330000,0,34,0,0,1,1,0,4,2,1,0,1,0,0000000,5,22,5,32,88,88,0,0,0,1,0
1,10768,1,1,0,1,1,1,1,81,200,13,11,2016,1,1,5,1,2,3,4,6,OPELIKA RD,,0,32.62768889,-85.440716670000,0,8,0,0,1,1,0,1,3,1,0,1,0,0000000,99,99,1,14,88,88,0,0,0,1,0
1,10769,1,1,0,0,0,1,1,71,0,14,11,2016,2,13,45,0,1,5,1,3,SR-117,,427,34.91245833,-85.876266670000,0,1,0,0,1,1,0,5,1,1,0,1,0,0000000,13,49,14,0,88,88,0,0,0,1,0
1,10770,2,2,0,0,0,2,2,105,0,14,11,2016,2,11,30,1,1,3,1,3,SR-5,,742,32.79669722,-87.269930560000,0,12,2,0,8,1,0,1,1,1,0,1,0,0000000,99,99,12,18,88,88,0,0,0,1,0
1,10771,1,1,0,0,0,1,1,69,930,14,11,2016,2,12,49,0,2,5,4,6,BLACKMON RD,,0,31.17185833,-85.409416670000,0,43,0,0,1,1,0,4,1,1,0,1,0,0000000,12,52,12,57,88,88,0,0,0,1,0
1,10772,1,1,0,1,1,2,2,71,2720,15,11,2016,3,1,37,1,2,3,1,2,US-SR 2,,1400,34.68543333,-85.995672220000,0,8,0,0,1,1,0,1,2,1,0,1,0,0000000,1,50,1,56,88,88,0,0,0,1,0
1,10773,2,2,0,0,0,3,3,127,0,16,11,2016,4,16,8,0,1,4,1,3,SR-69,,2175,33.90695000,-87.095175000000,0,12,2,0,1,1,0,1,1,1,0,1,0,0000000,16,31,16,31,16,53,0,0,0,1,0
1,10774,2,2,0,0,0,4,4,73,20,16,11,2016,4,17,25,0,2,4,2,4,CR-MINOR PKWY,SANDUSKY RD,0,33.55176944,-86.925788890000,0,12,6,0,2,2,0,1,3,1,0,1,0,0000000,99,99,17,32,99,99,0,0,0,1,0
1,10775,2,2,0,0,0,4,4,41,0,17,11,2016,5,19,25,1,1,3,1,3,SR-9,,650,31.85466667,-86.291775000000,0,12,2,0,1,1,0,1,2,1,0,1,0,0000000,19,35,19,44,20,54,0,0,0,1,0
1,10776,1,1,0,0,0,1,1,1,0,18,11,2016,6,3,0,0,2,7,2,4,CR-12,,0,32.49179444,-86.454447220000,0,34,0,0,1,1,0,4,2,10,0,10,0,0000000,3,40,3,47,88,88,0,0,0,1,1
1,10777,1,1,0,1,1,1,1,77,0,19,11,2016,7,3,0,0,1,4,1,3,SR-20,,166,34.83431667,-87.734794440000,0,8,0,0,1,1,0,1,2,1,0,1,0,0000000,99,99,3,34,88,88,19,0,0,1,0
1,10778,1,1,0,0,0,1,1,13,1460,20,11,2016,1,20,30,0,2,4,1,3,SR-263,,0,31.89574444,-86.669616670000,0,42,0,0,1,1,0,4,9,1,0,1,0,0000000,99,99,6,46,88,88,0,0,0,1,0
1,10779,1,1,0,0,0,1,1,111,0,20,11,2016,1,6,19,0,1,4,1,3,SR-48,,124,33.30375000,-85.536000000000,0,42,0,0,1,1,0,4,1,1,0,1,0,0000000,6,23,6,26,88,88,0,0,0,1,0
1,10780,1,1,0,0,0,3,3,79,0,21,11,2016,2,14,0,0,1,7,2,4,CR-236,,0,34.59492778,-87.472450000000,0,35,0,0,1,1,0,4,1,1,0,1,0,0000000,99,99,14,15,99,99,0,0,0,1,0
1,10781,1,1,0,0,0,1,1,3,0,23,11,2016,4,19,33,0,1,5,2,4,CR-49,,0,30.53535556,-87.767750000000,0,32,0,0,1,1,0,4,2,1,0,1,0,0000000,99,99,19,44,88,88,0,0,0,1,0
1,10782,1,1,0,0,0,2,2,15,0,23,11,2016,4,23,50,0,1,4,1,3,SR-204,,32,33.85098333,-85.863605560000,0,42,0,0,1,1,0,4,2,1,0,1,0,0000000,0,18,0,18,88,88,18,0,0,1,1
1,10783,1,1,0,0,0,1,1,83,0,24,11,2016,5,23,45,0,1,5,2,4,CR-EASTER FERRY RD,,0,34.94302500,-87.106908330000,0,35,0,0,1,1,0,4,2,1,0,1,0,0000000,23,52,0,8,88,88,0,0,0,1,0
1,10784,1,1,0,0,0,1,1,37,0,24,11,2016,5,9,25,1,1,3,1,2,US-SR 21,,2014,33.05580556,-86.239800000000,0,30,0,0,1,1,0,4,1,1,0,1,0,0000000,9,19,9,41,10,28,0,0,0,1,0
1,10785,1,1,0,0,0,1,1,95,0,26,11,2016,7,11,12,0,1,5,2,4,CR-HULACO RD,,0,34.31205000,-86.573936110000,0,38,0,0,1,1,0,5,1,1,0,1,0,0000000,99,99,11,20,88,88,0,0,0,1,0
1,10786,1,1,0,2,2,1,1,45,2380,27,11,2016,1,17,54,1,2,4,1,3,SR-249,,30,31.41880278,-85.678702780000,0,8,0,0,1,1,0,1,3,1,0,1,0,0000000,17,57,18,2,18,42,0,0,0,2,0
1,10787,2,2,0,0,0,3,3,119,0,22,12,2016,5,22,50,1,1,1,1,1,I-59,,258,32.72401111,-88.115383330000,0,12,7,0,1,1,0,1,2,1,0,1,0,0000000,22,44,23,10,99,99,0,0,0,1,0
1,10788,1,1,0,1,1,1,1,97,2100,30,12,2016,6,23,40,1,2,1,1,1,I-65,,36,30.68702778,-88.126477780000,0,8,0,0,1,1,0,1,3,1,0,1,0,0000000,99,99,23,42,88,88,0,0,0,1,0
1,10789,1,1,0,0,0,2,2,21,700,31,8,2016,4,4,30,1,2,1,1,1,I-65,LAKE MITCHELL RD,2083,32.84444722,-86.595186110000,0,25,0,1,5,1,0,4,4,1,0,1,0,0000000,99,99,4,37,88,88,0,0,0,1,0
1,10790,1,1,0,0,0,4,4,87,0,25,11,2016,6,10,14,1,1,1,1,1,I-85,,234,32.41718333,-85.943152780000,0,52,0,0,1,1,0,3,1,1,0,1,0,0000000,99,99,10,19,99,99,0,0,0,1,0
1,10791,1,1,0,0,0,1,1,87,0,4,12,2016,1,9,16,1,1,1,1,1,I-85,,441,32.50186389,-85.612172220000,0,42,0,0,1,1,0,5,1,2,0,2,0,0000000,99,99,9,31,88,88,0,0,0,1,0
1,10792,1,1,0,0,0,2,2,3,0,5,12,2016,2,14,50,1,1,1,1,1,I-65,,332,30.95261389,-87.834038890000,0,42,0,0,1,1,0,4,1,2,0,2,0,0000000,14,33,14,49,15,18,0,0,0,1,0
1,10793,1,1,0,0,0,2,2,73,0,13,7,2016,4,14,10,0,1,4,2,4,CR-OLD TUSCALOOSA HWY,,0,33.30341944,-87.050805560000,0,30,0,0,1,1,0,4,1,1,0,1,0,0000000,14,42,14,57,15,36,0,0,0,1,0
1,10794,1,1,0,0,0,3,3,21,700,23,9,2016,6,17,15,0,2,4,1,3,SR-22,,657,32.83847222,-86.646105560000,0,53,0,0,1,1,0,4,1,1,0,1,0,0000000,17,27,17,29,88,88,0,0,0,1,0
1,10795,1,1,0,0,0,1,1,17,1820,30,10,2016,1,19,4,0,1,4,1,3,SR-77,,10,32.91756389,-85.408469440000,0,42,0,0,1,1,0,4,2,1,0,1,0,0000000,99,99,19,16,88,88,0,0,0,1,0
1,10796,2,2,0,0,0,2,2,17,0,1,11,2016,3,14,25,1,1,3,1,2,US-SR 1,CR-249,1765,33.09738611,-85.342308330000,0,12,6,0,3,3,0,1,1,1,0,1,0,0000000,14,25,14,38,99,99,0,0,0,1,0
1,10797,2,2,0,0,0,2,2,21,0,16,11,2016,4,6,25,0,1,4,1,3,SR-191,CR-50,96,32.92178333,-86.794938890000,0,12,6,0,2,2,0,1,4,5,0,5,0,0000000,6,27,6,43,7,3,0,0,0,1,0
1,10798,1,1,0,0,0,1,1,99,0,19,11,2016,7,5,0,0,1,4,1,3,SR-21,,556,31.67851667,-87.219425000000,0,18,0,0,1,1,0,1,2,1,0,1,0,0000000,99,99,99,99,88,88,0,0,0,1,0
1,10799,1,1,0,0,0,2,2,73,350,19,11,2016,7,23,38,0,2,5,4,6,FIVE MILE ROAD,TUCKAWANNA DR,0,33.61398056,-86.689705560000,0,34,0,0,3,3,0,4,3,1,0,1,0,0000000,23,45,23,54,88,88,0,0,0,1,0
1,10800,1,1,0,0,0,1,1,23,0,20,11,2016,1,1,55,1,1,3,1,2,US-SR 12,,205,31.74626389,-88.136655560000,0,42,0,0,1,1,0,4,2,1,0,1,0,0000000,99,99,2,20,88,88,0,0,0,1,1
1,10801,2,2,0,0,0,3,3,59,0,21,11,2016,2,14,10,0,1,5,2,4,CR-99,,0,34.54400833,-87.529875000000,0,12,1,0,1,1,0,1,1,1,0,1,0,0000000,14,19,14,32,15,7,0,0,0,1,0
1,10802,2,2,0,0,0,2,2,3,2800,21,11,2016,2,20,58,0,2,7,4,6,EAST BLVD,SR-104,0,30.54553889,-87.742275000000,0,12,1,0,3,3,0,1,5,1,0,1,0,0000000,99,99,21,4,99,99,0,0,0,1,0
1,10804,1,1,0,0,0,2,2,99,0,26,11,2016,7,10,15,0,1,7,2,4,CR-TUNNEL HILL RD,,0,31.67216389,-87.222483330000,0,1,0,0,1,1,0,1,1,1,0,1,0,0000000,99,99,10,43,99,99,0,0,0,1,0
1,10805,1,1,0,0,0,1,1,23,0,27,11,2016,1,0,10,0,1,5,2,4,CR-9,,0,32.12913333,-88.324852780000,0,1,0,0,1,1,0,4,2,10,0,10,0,0000000,99,99,0,35,99,99,0,0,0,1,1
1,10806,1,1,0,0,0,1,1,29,0,27,11,2016,1,20,30,0,1,4,1,3,SR-9,,2040,33.50523611,-85.656150000000,0,32,0,0,1,1,0,4,2,10,0,10,0,0000000,99,99,99,99,88,88,0,0,0,1,1
1,10807,2,2,0,0,0,2,2,83,9997,28,11,2016,2,11,55,1,1,3,1,3,SR-20,,0,34.62815833,-86.914686110000,0,34,0,0,1,1,0,3,1,10,0,10,0,0000000,11,58,12,5,12,58,0,0,0,1,0
1,10808,1,1,0,0,0,1,1,71,0,28,11,2016,2,11,0,0,1,5,2,4,CR-43,,0,34.52383889,-86.000130560000,0,1,0,0,1,1,0,1,1,10,0,10,0,0000000,11,7,11,23,88,88,0,0,0,1,0
1,10809,1,1,0,0,0,1,1,133,0,29,11,2016,3,17,25,0,1,5,2,4,CR-39,,0,34.22541667,-87.140380560000,0,42,0,0,1,1,0,4,5,10,0,10,0,0000000,99,99,99,99,88,88,0,0,0,1,0
1,10810,1,1,0,0,0,1,1,37,0,29,11,2016,3,7,10,0,1,6,2,4,CR-35,,0,33.08712500,-86.317733330000,0,42,0,0,1,1,0,4,1,1,0,1,0,0000000,7,26,7,46,8,42,0,0,0,1,0
1,10812,1,1,0,0,0,1,1,99,0,30,11,2016,4,10,30,0,1,7,2,4,CR-COON TRAIL RD,,0,31.62741944,-87.204458330000,0,1,0,0,1,1,0,4,1,10,0,10,0,0000000,99,99,99,99,88,88,0,0,0,1,0
1,10813,1,1,0,0,0,1,1,1,0,30,11,2016,4,11,30,0,1,4,1,2,US-SR 3,,2040,32.64801944,-86.487258330000,0,42,0,0,1,1,0,4,1,2,0,2,0,0000000,99,99,11,40,88,88,0,0,0,1,0
1,10814,1,1,0,0,0,1,1,107,0,30,11,2016,4,8,30,0,1,4,1,3,SR-17,,1921,33.15075556,-88.115583330000,0,30,0,0,1,1,0,4,1,2,0,2,0,0000000,99,99,99,99,88,88,0,0,0,1,0
1,10815,2,2,0,0,0,2,2,121,0,30,11,2016,4,23,35,1,2,3,1,3,SR-21,,2156,33.25094167,-86.215927780000,0,12,7,0,1,1,0,1,2,10,0,10,0,0000000,99,99,0,10,99,99,0,0,0,1,0
1,10816,1,1,0,0,0,2,2,95,0,30,11,2016,4,20,45,0,1,7,2,4,CR-WHITESVILLE DR,WHITESVILLE CHURCH RD,0,34.17366389,-86.244347220000,0,42,0,0,3,4,0,4,2,10,0,10,0,0000000,20,49,21,2,22,0,0,0,0,1,0
1,10817,1,1,0,0,0,1,1,81,200,30,11,2016,4,2,25,0,2,4,4,6,MOORES MILL RD,,0,32.57528611,-85.420838890000,0,42,0,0,1,1,0,4,2,10,0,10,0,0000000,99,99,2,40,99,99,0,0,0,1,0
1,10818,2,2,0,0,0,2,2,101,2130,1,12,2016,5,15,45,0,2,3,4,6,TROY HIGHWAY,TAYLOR RD,0,32.29698889,-86.196527780000,0,12,6,0,2,3,0,1,1,1,0,1,0,0000000,15,53,16,2,16,15,0,0,0,1,0
1,10819,1,1,0,0,0,1,1,3,0,1,12,2016,5,16,5,0,1,4,1,2,US-SR 3,,274,30.93161389,-87.686797220000,0,42,0,0,1,1,0,4,1,1,0,1,0,0000000,16,8,16,26,17,30,0,0,0,1,0
1,10820,1,1,0,0,0,1,1,117,0,2,12,2016,6,16,9,0,1,5,2,4,CR-55,,0,33.39173889,-86.512891670000,0,42,0,0,1,1,0,4,2,1,0,1,0,0000000,99,99,16,20,88,88,0,0,0,1,0
1,10821,1,1,0,1,1,1,1,69,930,3,12,2016,7,5,32,1,2,3,1,2,US-SR 53,GRIFFIN DR,0,31.25814167,-85.434541670000,0,8,0,0,3,3,0,1,2,1,0,1,0,0000000,99,99,5,39,99,99,0,0,0,1,0
1,10822,1,1,0,0,0,1,1,89,1730,3,12,2016,7,4,36,1,2,3,1,2,US-SR 2,,870,34.74921944,-86.765100000000,0,30,0,0,1,1,0,4,2,1,0,1,0,0000000,4,36,4,41,88,88,0,0,0,1,1
1,10823,1,1,0,0,0,1,1,55,1370,4,12,2016,1,12,19,0,2,5,4,6,N COLLEGE ST,,0,33.96697500,-85.926305560000,0,42,0,0,1,1,0,4,1,2,0,2,0,0000000,12,20,12,25,12,47,0,0,0,1,0
1,10824,1,1,0,0,0,1,1,129,0,4,12,2016,1,1,25,0,1,7,2,4,CR-20,,0,31.35469722,-88.225127780000,0,32,0,0,1,1,0,4,2,2,0,2,0,0000000,99,99,2,23,88,88,0,0,0,1,0
1,10825,1,1,0,1,1,1,1,9,2330,4,12,2016,1,16,48,0,2,4,1,2,US-SR 53,4TH AVE,2542,33.94938889,-86.473944440000,0,8,0,0,2,2,0,1,3,2,0,2,0,0000000,99,99,16,51,88,88,0,0,0,1,0
1,10826,2,2,0,0,0,3,3,33,3060,4,12,2016,1,1,20,1,2,3,1,3,SR-2,,220,34.70939167,-87.745294440000,0,12,1,0,1,1,0,1,3,2,0,2,0,0000000,99,99,1,24,99,99,0,0,0,1,1
1,10827,2,2,0,0,0,3,3,49,0,14,6,2016,3,18,40,1,1,1,1,1,I-59,,1998,34.21209444,-85.933988890000,0,12,7,0,1,1,0,1,1,1,0,1,0,0000000,18,44,18,52,19,42,0,0,0,1,0
1,10828,1,1,0,0,0,2,2,63,0,25,6,2016,7,15,50,1,1,1,1,1,I-59,,495,32.95208611,-87.838925000000,0,1,0,0,1,1,0,1,1,1,0,1,0,0000000,15,53,16,11,16,39,0,0,0,1,0
1,10829,1,1,0,0,0,1,1,109,0,9,6,2016,5,14,15,0,1,6,2,4,CR-7714,,0,31.94655000,-86.001258330000,0,42,0,0,1,1,0,4,1,1,0,1,0,0000000,14,23,14,44,15,8,0,0,0,1,0
1,10830,2,2,0,0,0,2,2,125,0,24,6,2016,6,9,55,0,1,5,1,2,US-SR 7,,701,33.13139444,-87.653594440000,0,12,2,0,1,1,0,1,1,1,0,1,0,0000000,99,99,10,8,99,99,0,0,0,1,0
1,10831,3,3,0,0,0,4,4,21,0,12,6,2016,1,10,30,1,1,3,1,2,US-SR 6,,1138,32.68056944,-86.790719440000,0,12,2,0,1,1,0,1,1,1,0,1,0,0000000,99,99,10,47,88,88,0,0,0,1,0
1,10832,2,2,0,0,0,7,7,33,0,4,6,2016,7,18,51,1,1,3,1,3,SR-20,GARGIS LANE,318,34.69158333,-87.616988890000,0,12,6,0,2,2,0,1,1,1,0,1,0,0000000,19,7,19,20,19,41,0,0,0,2,0
1,10833,2,2,0,0,0,5,5,125,0,6,6,2016,2,2,50,1,1,3,1,2,US-SR 6,,653,33.04613611,-87.403650000000,0,12,1,0,1,1,0,1,2,1,0,1,0,0000000,2,58,3,13,4,25,0,0,0,2,1
1,10834,1,1,0,0,0,1,1,85,0,11,6,2016,7,23,0,0,1,5,2,4,CR-45,,0,32.02288056,-86.657702780000,0,30,0,0,1,1,0,4,2,10,0,10,0,0000000,99,99,23,30,88,88,0,0,0,1,0
1,10835,3,3,0,0,0,5,5,97,0,15,6,2016,4,15,55,1,1,3,1,2,US-SR 42,,2,30.86157778,-88.415533330000,0,12,6,0,1,1,0,1,1,1,0,1,0,0000000,99,99,16,8,99,99,0,0,0,2,0
1,10836,2,2,0,0,0,2,2,83,0,6,12,2016,3,7,40,1,1,3,1,3,SR-53,,3386,34.96799167,-86.798966670000,0,12,6,0,1,1,0,1,1,2,0,2,0,0000000,99,99,7,52,99,99,0,0,0,1,0
1,10837,1,1,0,0,0,1,1,49,1351,6,12,2016,3,3,40,0,1,5,4,6,CR-20,,0,34.34447500,-85.997780560000,0,42,0,0,1,1,0,4,2,2,0,2,0,0000000,99,99,3,50,88,88,0,0,0,1,0
1,10838,1,1,0,0,0,1,1,133,0,6,12,2016,3,12,30,0,1,5,1,3,SR-195,,388,34.25297500,-87.573994440000,0,40,0,0,1,1,0,4,1,2,0,2,0,0000000,12,38,12,40,99,99,0,0,0,1,0
1,10839,2,2,0,0,0,2,2,73,330,7,12,2016,4,17,12,0,2,7,4,6,DIVISION ST,AVE,0,33.37711667,-86.969438890000,0,1,0,0,1,1,0,1,3,1,0,1,0,0000000,17,13,17,19,88,88,14,0,0,1,0
1,10840,1,1,0,0,0,5,5,125,0,7,12,2016,4,20,10,0,1,7,2,4,CR-EBENEZER CHURCH RD,,0,33.45285556,-87.607083330000,0,42,0,0,1,1,0,4,1,10,0,10,0,0000000,99,99,20,30,99,99,0,0,0,1,0
1,10841,2,2,0,0,0,4,4,125,3050,7,12,2016,4,5,39,1,2,3,1,2,US-SR 6,15TH ST,516,33.19717222,-87.525938890000,0,12,6,0,2,2,0,1,1,1,0,1,0,0000000,5,42,5,49,6,13,0,0,0,1,0