STATE,ST_CASE,VE_TOTAL,VE_FORMS,PVH_INVL,PEDS,PERNOTMVIT,PERMVIT,PERSONS,COUNTY,CITY,DAY,MONTH,YEAR,DAY_WEEK,HOUR,MINUTE,NHS,RUR_URB,FUNC_SYS,RD_OWNER,ROUTE,TWAY_ID,TWAY_ID2,MILEPT,LATITUDE,LONGITUD,SP_JUR,HARM_EV,MAN_COLL,RELJCT1,RELJCT2,TYP_INT,WRK_ZONE,REL_ROAD,LGT_COND,WEATHER1,WEATHER2,WEATHER,SCH_BUS,RAIL,NOT_HOUR,NOT_MIN,ARR_HOUR,ARR_MIN,HOSP_HR,HOSP_MN,CF1,CF2,CF3,FATALS,DRUNK_DR
1,10842,1,1,0,0,0,1,1,73,0,10,12,2016,7,4,0,1,2,1,1,1,I-459,,163,33.39888333,-86.776580560000,0,52,0,0,1,1,0,3,2,1,0,1,0,0000000,99,99,4,35,88,88,0,0,0,1,0
1,10843,1,1,0,1,1,1,1,55,0,10,12,2016,7,11,32,0,1,4,1,2,US-SR 25,,2240,34.06638889,-85.919677780000,0,8,0,0,1,1,0,1,1,1,0,1,0,0000000,99,99,11,40,88,88,0,0,0,1,0
1,10844,2,2,0,0,0,3,3,93,0,16,12,2016,6,15,42,1,1,1,1,1,I-22,,81,34.16264722,-88.062388890000,0,12,1,0,1,1,0,1,1,1,0,1,0,0000000,15,44,16,20,16,51,0,0,0,1,0
1,10845,5,5,0,0,0,5,5,35,0,13,12,2016,3,23,10,1,1,1,1,1,I-65,,988,31.48377500,-86.943230560000,0,12,1,0,1,1,0,1,2,5,0,5,0,0000000,99,99,23,44,99,99,19,27,14,1,0
1,10846,2,2,0,0,0,3,3,33,0,7,12,2016,4,11,49,0,2,4,1,3,SR-184,,39,34.75820833,-87.599213890000,0,12,1,0,6,1,0,1,1,1,0,1,0,731928A,99,99,11,59,99,99,0,0,0,1,0
1,10847,1,1,0,0,0,1,1,125,0,8,12,2016,5,14,50,1,1,3,1,2,US-SR 6,,352,33.27414444,-87.757502780000,0,24,0,0,1,1,0,3,1,1,0,1,0,0000000,99,99,99,99,88,88,0,0,0,1,0
1,10848,2,2,0,0,0,5,5,97,0,9,12,2016,6,7,35,0,2,4,2,4,CR-OLD PASCAGOULA RD,,0,30.55763333,-88.231891670000,0,12,6,0,1,1,0,1,1,1,0,1,0,0000000,99,99,8,0,99,99,0,0,0,1,0
1,10849,1,1,0,0,0,1,1,115,0,9,12,2016,6,22,15,0,1,5,1,3,SR-174,,72,33.70041944,-86.404275000000,0,32,0,0,1,1,0,4,2,1,0,1,0,0000000,99,99,22,24,88,88,0,0,0,1,1
1,10850,2,2,0,0,0,2,2,133,0,9,12,2016,6,15,45,0,1,5,1,3,SR-243,,5,34.27492500,-87.534791670000,0,12,2,0,1,1,0,1,1,1,0,1,0,0000000,99,99,15,55,88,88,0,0,0,2,1
1,10851,2,2,0,0,0,5,5,89,1730,9,12,2016,6,18,59,1,2,3,1,2,US-SR MARTIN LUTHER KING JR,KELLEY CEMETARY RD,3240,34.81155556,-86.649941670000,0,12,6,0,2,2,0,1,2,1,0,1,0,0000000,18,59,19,19,19,44,0,0,0,1,0
1,10852,1,1,0,0,0,1,1,99,0,11,12,2016,1,6,5,1,1,3,1,2,US-SR 12,,645,31.53753333,-87.512144440000,0,1,0,0,1,1,0,4,4,1,0,1,0,0000000,6,35,6,45,88,88,0,0,0,1,0
1,10853,1,1,0,0,0,3,3,23,0,11,12,2016,1,11,10,0,1,7,2,4,CR-5,,0,31.80906389,-88.274116670000,0,5,0,0,1,1,0,1,1,1,0,1,0,0000000,99,99,11,28,99,99,0,0,0,1,0
1,10854,2,2,0,0,0,2,2,55,0,12,12,2016,2,5,29,0,1,5,2,4,CR-APPALACHIAN HWY,MACEDONIA RD,0,34.07697222,-85.872450000000,0,12,6,0,2,4,0,1,2,2,0,2,0,0000000,99,99,5,29,88,88,0,0,0,1,0
1,10855,1,1,0,0,0,1,1,87,0,13,12,2016,3,7,15,0,1,6,2,4,CR-54,,0,32.54658611,-85.632991670000,0,42,0,0,1,1,0,4,1,10,0,10,0,0000000,99,99,7,50,99,99,0,0,0,1,0
1,10856,1,1,0,1,1,1,1,97,2100,13,12,2016,3,17,42,0,2,4,4,6,DR MARTIN LUTHER KING JR AVE,GASTON ST,0,30.69841389,-88.060736110000,0,9,0,0,2,3,0,1,3,2,0,2,0,0000000,17,47,18,9,18,19,0,0,0,1,0
1,10857,1,1,0,0,0,7,7,19,1852,13,12,2016,3,18,53,0,1,7,2,4,CR-RIVERSIDE ST,,0,34.16229722,-85.762538890000,0,3,0,0,1,1,0,4,3,10,0,10,0,0000000,18,53,19,1,19,11,0,0,0,5,0
1,10858,1,1,0,0,0,1,1,69,1812,14,12,2016,4,11,20,0,1,5,2,4,CR-WEBB TO KINSEY RD,,0,31.30763611,-85.325591670000,0,24,0,0,1,1,0,4,1,10,0,10,0,0000000,11,26,11,34,11,56,0,0,0,1,0
1,10859,2,2,0,0,0,2,2,99,0,15,12,2016,5,11,15,0,1,5,1,3,SR-59,,935,31.30458056,-87.503961110000,0,12,2,0,8,1,0,1,1,1,0,1,0,0000000,99,99,11,32,88,88,0,0,0,1,0
1,10860,3,3,0,0,0,4,4,47,0,15,12,2016,5,23,45,1,2,3,1,3,SR-41,,1241,32.38714722,-86.997022220000,0,12,8,0,1,1,0,1,2,1,0,1,0,0000000,99,99,0,0,99,99,0,0,0,1,0
1,10861,1,1,0,0,0,1,1,121,0,16,12,2016,6,5,45,1,1,3,1,3,SR-77,,729,33.54671667,-86.126100000000,0,34,0,0,1,1,0,4,2,1,0,1,0,0000000,99,99,6,5,88,88,0,0,0,1,0
1,10862,2,2,0,0,0,3,3,9,0,17,12,2016,7,14,50,0,1,7,2,4,CR-RED HILL SCHOOL RD,,0,33.83891667,-86.912219440000,0,12,6,0,1,1,0,1,1,10,0,10,0,0000000,99,99,15,15,99,99,0,0,0,1,0
1,10863,1,1,0,0,0,1,1,3,860,17,12,2016,7,2,40,1,2,3,4,6,HWY 98 SERVICE RD,,0,30.65268889,-87.912677780000,0,59,0,0,1,1,0,4,3,99,0,99,0,0000000,88,88,88,88,88,88,0,0,0,1,1
1,10864,3,3,0,0,0,5,5,3,2890,18,12,2016,1,17,35,1,1,3,1,3,SR-59,CR-32,0,30.47263333,-87.702608330000,0,12,6,0,3,2,0,1,3,2,0,2,0,0000000,99,99,17,35,99,99,0,0,0,1,0
1,10865,1,1,0,1,1,1,1,125,3050,18,12,2016,1,4,6,1,2,3,1,3,SR-13,6TH ST,0,33.20844167,-87.569291670000,0,8,0,0,2,2,0,1,3,2,0,2,0,0000000,4,8,4,12,88,88,0,0,0,1,0
1,10866,2,2,0,0,0,2,2,127,0,20,12,2016,3,12,15,0,1,3,2,4,CR-FIRETOWER RD,SR-5,0,33.80099444,-87.117116670000,0,12,6,0,2,2,0,1,1,10,0,10,0,0000000,12,30,12,39,12,58,0,0,0,1,0
1,10867,2,2,0,0,0,2,2,95,0,21,12,2016,4,5,10,0,2,4,1,3,SR-75,SR-68,627,34.30095556,-86.144797220000,0,12,6,0,2,2,0,1,2,5,0,5,0,0000000,5,15,5,18,5,46,0,0,0,1,0
1,10868,1,1,0,0,0,2,2,27,0,21,12,2016,4,18,30,0,1,4,1,3,SR-148,,85,33.18720278,-86.112163890000,0,42,0,0,1,1,0,4,2,1,0,1,0,0000000,99,99,19,0,99,99,0,0,0,1,0
1,10869,1,1,0,0,0,1,1,117,0,21,12,2016,4,0,2,0,2,5,4,6,BROOKHIGHLAND PKWY,,0,33.42793056,-86.682386110000,0,33,0,0,1,1,0,3,2,1,0,1,0,0000000,0,4,0,11,88,88,0,0,0,1,0
1,10870,2,2,0,0,0,5,5,101,2130,21,12,2016,4,13,31,1,2,3,4,6,SOUTH BLVD,NORMAN BRIDGE RD,0,32.32685833,-86.306680560000,0,12,1,0,3,2,0,1,1,1,0,1,0,0000000,99,99,13,34,99,99,0,0,0,1,0
1,10871,2,2,0,0,0,2,2,97,2100,22,12,2016,5,19,10,1,2,3,4,6,GOVERNMENT BLVD,THOMPSON DR,0,30.65933611,-88.110350000000,0,12,6,0,2,2,0,1,3,1,0,1,0,0000000,19,8,19,14,88,88,0,0,0,1,0
1,10872,2,2,0,0,0,2,2,95,0,22,12,2016,5,15,55,0,2,5,2,4,CR-EDDY SCANT CITY RD,,0,34.36326111,-86.486486110000,0,12,2,0,1,1,0,1,1,10,0,10,0,0000000,99,99,16,3,88,88,0,0,0,1,0
1,10873,2,2,0,0,0,3,3,31,0,22,12,2016,5,16,25,0,2,4,1,3,SR-134,,231,31.32337500,-85.899950000000,0,12,8,0,1,1,0,1,1,10,0,10,0,0000000,16,30,16,37,88,88,0,0,0,1,1
1,10874,1,1,0,0,0,2,2,97,2100,23,12,2016,6,1,17,0,2,4,4,6,AZALEA RD,,0,30.65674444,-88.147866670000,0,42,0,0,1,1,0,4,3,10,0,10,0,0000000,99,99,1,17,88,88,0,0,0,1,0
1,10875,1,1,0,0,0,1,1,53,0,24,12,2016,7,5,45,1,1,3,1,2,US-SR 3,,622,31.04816111,-87.172847220000,0,1,0,0,1,1,0,4,2,1,0,1,0,0000000,5,42,5,51,88,88,0,0,0,1,0
1,10876,2,2,0,0,0,2,2,97,0,23,12,2016,6,5,45,1,1,3,1,2,US-SR 13,,278,31.11993889,-88.009808330000,0,12,1,0,1,1,0,1,2,1,0,1,0,0000000,5,47,6,8,88,88,0,0,0,1,0
1,10877,1,1,0,1,1,1,1,15,100,23,12,2016,6,18,50,1,2,3,1,3,SR-21,,0,33.65342222,-85.826519440000,0,8,0,0,1,1,0,1,3,1,0,1,0,0000000,18,52,18,59,19,7,0,0,0,1,0
1,10878,5,5,0,0,0,12,12,15,100,23,12,2016,6,19,28,1,2,3,1,2,US-SR 1,COLEMAN RD,2280,33.64382222,-85.785933330000,0,12,6,0,2,2,0,1,3,10,0,10,0,0000000,19,31,19,34,20,33,14,0,0,2,0
1,10879,1,1,0,0,0,1,1,71,954,23,12,2016,6,12,25,0,1,7,2,4,CR-372,,0,34.58085278,-85.928291670000,0,23,0,0,1,1,0,4,1,1,0,1,0,0000000,12,40,13,11,88,88,0,0,0,1,0
1,10880,1,1,0,0,0,1,1,29,0,24,12,2016,7,13,15,0,1,4,1,3,SR-46,,70,33.62469722,-85.475722220000,0,42,0,0,1,1,0,4,1,1,0,1,0,0000000,13,19,13,25,88,88,0,0,0,1,0
1,10881,1,1,0,0,0,1,1,101,2130,24,12,2016,7,16,0,0,2,5,4,6,HAYNEVILLE RD,,0,32.33942222,-86.372058330000,0,59,0,0,1,1,0,4,1,1,0,1,0,0000000,99,99,16,15,99,99,0,0,0,1,0
1,10882,1,1,0,0,0,2,2,7,0,25,12,2016,1,23,15,0,1,4,1,3,SR-139,,85,32.90302500,-86.915088890000,0,59,0,0,1,1,0,4,2,1,0,1,0,0000000,99,99,23,55,99,99,0,0,0,1,1
1,10883,1,1,0,1,1,3,3,113,0,24,12,2016,7,18,30,1,2,3,1,2,US-SR 8,,2123,32.46957222,-85.062861110000,0,8,0,0,1,1,0,1,2,10,0,10,0,0000000,99,99,18,39,88,88,0,0,0,1,1
1,10884,2,2,0,0,0,2,2,101,2130,25,12,2016,1,18,6,1,2,3,1,3,SR-8,HASKELL DR,0,32.35497500,-86.218136110000,0,12,6,0,2,2,0,1,3,1,0,1,0,0000000,99,99,18,13,99,99,0,0,0,1,0
1,10885,2,2,0,0,0,3,3,81,0,25,12,2016,1,19,12,1,1,3,1,2,US-SR 38,HWY 147,1020,32.67629722,-85.486333330000,0,12,6,0,2,2,0,1,2,1,0,1,0,0000000,99,99,19,27,99,99,0,0,0,1,0
1,10886,1,1,0,0,0,1,1,115,2620,26,12,2016,2,18,15,0,2,7,4,6,RIVERBEND RD,,0,33.60086667,-86.195594440000,0,43,0,0,1,1,0,5,2,10,0,10,0,0000000,99,99,20,42,88,88,0,0,0,1,0
1,10887,1,1,0,0,0,1,1,81,2340,26,12,2016,2,0,20,0,1,5,4,6,CUSSETA RD,,0,32.70644444,-85.364516670000,0,42,0,0,1,1,0,4,2,1,0,1,0,0000000,0,39,0,42,88,88,0,0,0,1,1
1,10888,2,2,0,0,0,2,2,81,2340,26,12,2016,2,12,10,0,2,4,1,3,SR-51,CRAWFORD RD,0,32.62346389,-85.371402780000,0,12,2,0,2,4,0,1,1,1,0,1,0,0000000,12,17,12,19,99,99,0,0,0,1,0
1,10889,1,1,0,1,1,2,2,101,2130,27,12,2016,3,18,40,1,2,3,4,6,W SOUTH BLVD,,0,32.32657500,-86.330563890000,0,8,0,0,1,1,0,1,3,10,0,10,0,0000000,18,46,18,55,19,2,0,0,0,1,0
1,10890,3,3,0,0,0,6,6,101,0,27,12,2016,3,13,20,0,2,5,1,2,US-SR 126,HWY 126,1503,32.36887778,-86.052680560000,0,12,6,0,2,3,0,1,1,10,0,10,0,0000000,13,32,13,48,14,20,0,0,0,1,0
1,10891,1,1,0,0,0,1,1,95,0,28,12,2016,4,18,15,0,1,5,2,4,CR-SIMPSON POINT RD,,0,34.49779444,-86.374269440000,0,35,0,0,1,1,0,4,2,10,0,10,0,0000000,99,99,18,24,88,88,0,0,0,1,0
1,10892,1,1,0,0,0,2,2,121,2910,28,12,2016,4,22,40,0,2,7,4,6,MOUNTAIN VIEW RD,GROGAN RD,0,33.41223889,-86.069616670000,0,35,0,0,3,3,0,4,2,10,0,10,0,0000000,99,99,22,50,99,99,20,0,0,1,0
1,10893,2,2,0,0,0,3,3,91,1880,30,12,2016,6,13,45,0,1,4,1,3,SR-28,SHILOH ST,430,32.30623056,-87.796463890000,0,12,6,0,2,2,0,1,1,1,0,1,0,0000000,99,99,14,0,88,88,0,0,0,1,0
1,10894,1,1,0,0,0,4,4,77,0,31,12,2016,7,20,40,0,1,7,2,4,CR-547,,0,34.90261111,-87.301088890000,0,42,0,0,1,1,0,4,2,2,0,2,0,0000000,20,36,20,37,21,22,0,0,0,3,1
1,10895,1,1,0,0,0,2,2,83,0,31,12,2016,7,7,20,0,1,5,2,4,CR-MOORESVILLE RD,,0,34.67565833,-86.878825000000,0,42,0,0,1,1,0,4,1,10,0,10,0,0000000,99,99,7,30,99,99,0,0,0,2,0
1,10896,1,1,0,0,0,1,1,117,2405,3,7,2016,1,10,14,0,2,5,2,4,CR-SMOKEY RD,,0,33.19741389,-86.808675000000,0,30,0,0,1,1,0,4,1,10,0,10,0,0000000,10,18,10,25,88,88,20,0,0,1,0
1,10897,2,2,0,1,1,2,2,97,0,19,7,2016,3,2,5,0,2,3,1,3,SR-193,,195,30.51823056,-88.123530560000,0,8,0,0,1,1,0,1,2,1,0,1,0,0000000,99,99,2,16,88,88,23,0,0,1,0
1,10898,2,2,0,0,0,10,10,121,0,16,7,2016,7,13,40,1,1,3,1,3,SR-21,ORANGEVALE RD,2232,33.35396111,-86.179566670000,0,12,6,0,2,2,0,1,1,1,0,1,0,0000000,13,48,13,51,99,99,0,0,0,4,0
1,10899,1,1,0,0,0,1,1,3,0,15,7,2016,6,22,15,0,2,4,1,3,SR-181,,49,30.48906944,-87.852588890000,0,1,0,0,1,1,0,1,2,10,0,10,0,0000000,99,99,22,29,88,88,0,0,0,1,0
1,10900,1,1,0,0,0,1,1,113,0,5,7,2016,3,21,46,1,1,3,1,2,US-SR 8,,2064,32.46244444,-85.163416670000,0,1,0,0,1,1,0,4,2,1,0,1,0,0000000,21,42,21,50,88,88,0,0,0,1,0
1,10901,1,1,0,0,0,4,4,17,0,5,7,2016,3,12,30,0,1,7,2,4,CR-299,,0,32.79815278,-85.261319440000,0,52,0,0,1,1,0,4,1,10,0,10,0,0000000,12,28,12,37,13,16,0,0,0,2,0
1,10902,1,1,0,0,0,4,4,33,0,5,7,2016,3,9,50,0,1,5,2,4,CR-FRANKFORT RD,,0,34.66416111,-87.758755560000,0,32,0,0,1,1,0,4,1,10,0,10,0,0000000,9,59,10,0,10,43,0,0,0,1,0
1,10903,1,1,0,0,0,1,1,13,0,5,7,2016,3,11,36,0,1,4,1,3,SR-10,,1324,31.78738611,-86.492033330000,0,59,0,0,1,1,0,4,1,2,0,2,0,0000000,99,99,11,41,88,88,0,0,0,1,0
1,10904,2,2,0,0,0,4,4,105,3100,3,7,2016,1,20,20,0,1,5,1,3,SR-61,,11,32.46539444,-87.517641670000,0,12,6,0,1,1,0,1,1,1,0,1,0,0000000,20,41,21,0,22,11,0,0,0,1,1
1,10905,1,1,0,2,2,1,1,113,2440,28,8,2016,1,2,47,1,2,3,1,2,US-SR 38,,1410,32.45279722,-84.998852780000,0,8,0,1,5,1,0,1,3,1,0,1,0,0000000,99,99,2,55,99,99,0,0,0,1,1
1,10906,2,2,0,0,0,2,2,115,0,6,8,2016,7,16,50,9,8,98,1,2,US-SR 53,GALLANT RD,2432,33.90187778,-86.317672220000,0,12,6,0,2,3,0,1,1,1,0,1,0,0000000,99,99,17,10,99,99,0,0,0,1,0
1,10907,2,2,0,0,0,3,3,127,0,30,8,2016,3,7,10,0,1,3,1,3,SR-5,,1626,33.80612500,-87.135847220000,0,12,6,0,8,1,0,1,1,1,0,1,0,0000000,7,14,7,24,8,20,0,0,0,2,0
1,10908,1,1,0,0,0,3,3,107,0,2,7,2016,7,16,20,0,1,4,1,3,SR-17,,1820,33.07128333,-88.243475000000,0,59,0,0,1,1,0,4,1,1,0,1,0,0000000,99,99,17,28,99,99,0,0,0,1,1
1,10909,1,1,0,0,0,1,1,51,0,8,8,2016,2,20,30,0,1,7,2,4,CR-WELDON RD,,0,32.61192222,-85.976902780000,0,32,0,0,1,1,0,4,2,1,0,1,0,0000000,20,45,21,3,21,50,0,0,0,1,0
1,10910,1,1,0,0,0,1,1,3,0,5,8,2016,6,16,30,0,2,3,1,3,SR-181,,60,30.50438333,-87.852597220000,0,30,0,0,1,1,0,4,1,1,0,1,0,0000000,99,99,16,40,99,99,0,0,0,1,0
1,10911,1,1,0,1,1,1,1,3,0,10,8,2016,4,14,33,1,1,3,1,2,US-SR 3,,166,30.82481111,-87.774288890000,0,8,0,0,1,1,2,2,1,2,0,2,0,0000000,99,99,14,44,99,99,0,0,0,1,0
1,10912,1,1,0,0,0,4,4,55,190,4,12,2016,1,20,18,0,1,5,2,4,CR-BRUTON GAP RD,,0,34.09553611,-86.037405560000,0,35,0,0,1,1,0,4,2,5,0,5,0,0000000,99,99,20,21,99,99,0,0,0,1,0
1,10913,2,2,0,0,0,6,6,97,0,6,8,2016,7,15,5,1,1,3,1,2,US-SR 17,,137,30.84489444,-88.190169440000,0,12,2,0,1,1,0,1,1,1,0,1,0,0000000,15,7,15,51,16,7,0,0,0,2,0
1,10914,3,3,0,0,0,4,4,3,0,5,8,2016,6,20,5,0,2,4,1,3,SR-225,GENERAL CANBY BLVD,14,30.68892222,-87.902269440000,0,12,2,0,3,3,0,1,5,10,0,10,0,0000000,99,99,20,20,99,99,0,0,0,1,1
1,10915,2,2,0,0,0,2,2,125,718,16,12,2016,6,19,58,1,1,4,1,2,US-SR 7,,934,33.17082500,-87.344100000000,0,12,2,0,1,1,0,1,2,1,0,1,0,0000000,20,9,20,19,99,99,0,0,0,1,0
1,10916,2,2,0,0,0,3,3,105,3100,16,12,2016,6,2,49,1,1,3,1,2,US-SR 8,,540,32.45136944,-87.520955560000,0,12,2,0,1,1,0,1,2,1,0,1,0,0000000,99,99,3,15,88,88,0,0,0,1,0
1,10917,1,1,0,0,0,1,1,129,0,25,12,2016,1,14,50,0,1,5,2,4,CR-34,,0,31.63149167,-88.380497220000,0,59,0,0,1,1,0,4,1,1,0,1,0,0000000,99,99,99,99,88,88,0,0,0,1,1
1,10918,5,5,0,0,0,9,9,97,2100,27,12,2016,3,17,39,0,2,4,4,6,GRELOT RD,HILCREST RD,0,30.66113611,-88.191069440000,0,12,1,0,3,2,0,1,3,1,0,1,0,0000000,17,44,17,45,18,5,0,0,0,1,1
1,10919,1,1,0,0,0,1,1,83,0,30,12,2016,6,14,30,1,1,3,1,2,US-SR 2,CURTIS LN,689,34.79040833,-87.074188890000,0,35,0,0,3,3,0,4,1,1,0,1,0,0000000,14,35,14,44,88,88,0,0,0,1,0
1,10920,2,2,0,0,0,2,2,97,0,31,12,2016,7,20,30,1,2,3,2,4,CR-OLD PASCAGOULA RD,,0,30.56299444,-88.216066670000,0,12,2,0,1,1,0,1,2,2,0,2,0,0000000,99,99,20,45,99,99,0,0,0,1,1
1,10921,1,1,0,0,0,1,1,45,0,31,12,2016,7,7,10,0,1,4,1,3,SR-105,,67,31.53175556,-85.564455560000,0,42,0,0,1,1,0,4,1,10,0,10,0,0000000,99,99,7,30,99,99,0,0,0,1,0
1,10922,3,2,1,0,1,2,3,117,0,4,8,2016,5,23,44,1,2,1,1,1,I-65,,2350,33.18808611,-86.784138890000,0,14,0,0,1,1,0,2,2,1,0,1,0,0000000,23,44,23,58,99,99,0,0,0,1,2
1,10923,1,1,0,0,0,6,6,3,0,7,8,2016,1,4,50,1,1,1,1,1,I-65,,318,30.94936389,-87.857513890000,0,24,0,0,1,1,0,3,4,1,0,1,0,0000000,5,35,5,40,6,40,0,0,0,1,0
1,10924,4,4,0,0,0,10,10,125,0,8,8,2016,2,10,55,1,1,1,1,1,I-59,,701,33.16149444,-87.572408330000,0,12,1,0,1,1,1,1,1,1,0,1,0,0000000,10,57,11,7,11,41,14,0,0,1,0
1,10925,1,1,0,0,0,4,4,115,0,7,8,2016,1,15,30,1,1,1,1,1,I-59,,1674,33.87071667,-86.271719440000,0,42,0,0,1,1,0,4,1,2,0,2,0,0000000,99,99,15,50,99,99,0,0,0,1,0
1,10926,1,1,0,0,0,1,1,1,0,14,7,2016,5,14,15,1,1,1,1,1,I-65,,1979,32.70520000,-86.523341670000,0,34,0,0,1,1,0,4,1,1,0,1,0,0000000,99,99,14,23,88,88,0,0,0,1,0
1,10927,2,2,0,0,0,2,2,73,0,29,11,2016,3,11,45,1,2,1,1,1,I-20,,1335,33.53404444,-86.697350000000,0,12,7,0,1,1,0,1,1,1,0,1,0,0000000,11,32,11,37,88,88,0,0,0,1,0
1,10928,4,2,2,1,3,5,7,125,0,10,12,2016,7,5,55,1,2,1,1,1,I-59,,736,33.17385278,-87.513602780000,0,12,7,0,1,1,0,1,3,1,0,1,0,0000000,5,59,6,10,6,33,15,14,23,1,0
1,10929,1,1,0,0,0,1,1,125,0,10,12,2016,7,13,40,1,1,1,1,1,I-59,,624,33.09399167,-87.671738890000,0,1,0,0,1,1,0,4,1,1,0,1,0,0000000,13,50,14,3,14,40,0,0,0,1,0
1,10930,1,1,0,0,0,5,5,3,0,9,9,2016,6,17,45,1,1,1,1,1,I-65,,319,30.94997500,-87.855200000000,0,1,0,0,1,1,0,4,1,1,0,1,0,0000000,17,48,17,54,18,4,0,0,0,1,0
1,10931,1,1,0,0,0,1,1,3,0,26,11,2016,7,5,24,1,1,1,1,1,I-65,,382,30.96923056,-87.742222220000,0,52,0,0,1,1,0,4,2,1,0,1,0,0000000,99,99,5,50,99,99,0,0,0,1,0
1,10932,3,3,0,0,0,4,4,123,0,20,9,2016,3,15,10,0,1,4,1,3,SR-49,,266,32.79723333,-85.789386110000,0,1,0,0,1,1,0,1,1,1,0,1,0,0000000,99,99,15,17,99,99,14,0,0,1,0
1,10933,2,2,0,0,0,2,2,55,0,9,9,2016,6,15,19,1,1,3,1,2,US-SR 74,VAUGHN RD,1160,34.06689722,-86.253875000000,0,12,1,0,3,3,0,1,1,1,0,1,0,0000000,15,16,15,23,16,0,0,0,0,1,0
1,10934,1,1,0,0,0,1,1,41,0,23,10,2016,1,20,55,0,1,7,2,4,CR-RISING STAR RD,,0,31.90918889,-86.210527780000,0,59,0,0,1,1,0,4,2,1,0,1,0,0000000,99,99,21,25,88,88,0,0,0,1,1
1,10935,2,2,0,0,0,2,2,51,3270,22,10,2016,7,15,55,1,2,3,1,2,US-SR 9,CAMBRIDGE DR,1187,32.49861111,-86.216483330000,0,12,6,0,2,3,0,1,1,1,0,1,0,0000000,99,99,16,10,99,99,0,0,0,1,0
1,10936,2,2,0,0,0,2,2,113,0,25,11,2016,6,17,37,1,1,3,1,2,US-SR 8,,1991,32.44401667,-85.285163890000,0,12,1,0,8,1,0,1,2,1,0,1,0,0000000,99,99,18,0,99,99,0,0,0,1,0
1,10937,2,2,0,0,0,2,2,97,0,24,11,2016,5,22,50,0,2,4,2,4,CR-25,BROOKLYN'S WAY,0,30.76125833,-88.276544440000,0,12,6,0,2,3,0,1,2,1,0,1,0,0000000,22,53,22,57,23,32,0,0,0,1,0
1,10938,2,2,0,0,0,2,2,125,0,23,11,2016,4,16,12,0,1,5,2,4,CR-DAFFRON RD,,0,33.11600278,-87.447961110000,0,12,2,0,1,1,0,1,1,1,0,1,0,0000000,99,99,16,16,99,99,0,0,0,1,0
1,10939,2,2,0,0,0,5,5,97,0,19,11,2016,7,17,35,0,2,3,2,4,CR-THEODORE DAWES RD,,0,30.55854167,-88.196900000000,0,12,1,0,8,1,0,1,5,10,0,10,0,0000000,17,57,18,16,18,43,0,0,0,1,1
1,10940,1,1,0,0,0,2,2,125,0,6,12,2016,3,12,0,0,1,4,1,3,SR-171,,52,33.31919722,-87.651280560000,0,53,0,0,1,1,0,4,1,10,0,10,0,0000000,99,99,12,15,99,99,0,0,0,2,0
1,10941,2,2,0,0,0,5,5,3,0,17,9,2016,7,18,50,0,1,4,2,4,CR-BALDWIN BEACH EXPRESS,CR-36,0,30.50216944,-87.665858330000,0,12,6,0,2,2,0,1,1,10,0,10,0,0000000,99,99,19,2,99,99,0,0,0,1,0
1,10942,1,1,0,0,0,1,1,97,0,18,10,2016,3,19,28,0,2,4,2,4,CR-DAWES RD,,0,30.64389167,-88.246991670000,0,1,0,0,1,1,0,1,2,1,0,1,0,0000000,19,17,19,31,88,88,0,0,0,1,0
1,10943,2,2,0,0,0,2,2,3,0,21,10,2016,6,19,30,1,1,4,1,2,US-SR 42,,585,30.40651667,-87.789577780000,0,12,2,0,1,1,0,2,2,1,0,1,0,0000000,99,99,19,40,88,88,0,0,0,2,0
1,10945,2,2,0,0,0,2,2,17,0,22,10,2016,7,22,15,0,1,5,2,4,CR-289,,0,32.92909167,-85.232297220000,0,12,6,0,1,1,0,1,2,1,0,1,0,0000000,99,99,22,47,99,99,0,0,0,1,1